{"DV2S7tUn5dR9MBc/10lpvw==":"seu-logo-2-122x56.png","UdfXyaJsxXMun32hHsFFFw==":"familia%20assistindo-1617x1030.jpg","sBrpWtkl8JqlTcp1dI1w6A==":"mbr-1920x1280.jpg","nJz+dRFpx1/MmOZozdw8Kw==":"canais-1200x720.jpg","Zp8A3pL5Xl2N2PdmvStWng==":"mbr-1-1920x1280.jpg","gu6jvOs16elKmTRqJvDnPA==":"mbr-2-1920x1280.jpg","w9g96Lm71KWh5oQ2avKtAQ==":"logo%20editado-121x108.png","Mt6cC1LaZo0V4Fk+/Gb6dQ==":"sua%20marca%20aqui-121x108.png","sqXKKEI31aklNZdmVxZHqA==":"familia%20assistindo2-1600x1066.jpg","G1CQNA1nKN98foK69O+WNQ==":"mbr-1920x1101.jpg","97lDo8cnZcCGZCA2jSwvDQ==":"mbr-1920x1279.jpg","C5JCX9qqHnTpSzFquRI5iQ==":"mbr-3-1920x1280.jpg","KMj/yYH0pZhA4KXHT/o8iQ==":"interrgoga%C3%87%C3%83o-818x546.jpg","sM4k8yrHRBsqyWr/QsgkVw==":"iptv-1920x1080.jpg","CQDbxwx2jaJFBGEGryoIXg==":"alerta-720x378.jpg","BQI3Tb86bZTmZuITSxaL8A==":"r$13,00%20cada%20lista%20vendida-1046x588.png","9b2ScLQd5t5eNxKnEYqFhA==":"painel50,00(taxa%20%C3%9Anica)-1046x588.png","m7PSfssl0rxKV7mYNh1nfA==":"mbr-192x105.jpg","a9ikGmYqfGSVveBDuyKjDw==":"site-seguro-google-192x90.png","h9CO7EYBhu+AHYzW321XVQ==":"r$18,00%20cada%20lista%20vendida-1046x588.png","7ICHVkmFECy0Zv/fD1UFFg==":"box%20tv%20mxq%20pro-676x676.jpg","h4lDOmcJMVA9cYajNeUn0A==":"box%20tv%20mxq%20pro-676x676.jpg","tdOpNf8ffUWBnUSG0LQScw==":"box%20tv%20mxq%20pro%20(1)-676x380.jpg","Nk/S/3EgwW+JSJ78AIQaRw==":"box%20tv%20mxq%20pro%20(2)-676x507.jpg","whFy0d3MfllTdIUC8b/GxA==":"r$18,00%20cada%20lista%20vendida-676x380.png","je2YqbPMvmV5gNHy9V3D6Q==":"painel%2070,00%20(taxa%20%C3%9Anica)-676x380.png","eHnqvg444fgIOYqmpN33aQ==":"painel70,00(taxa%20%C3%9Anica)%20(1)-676x380.png","/Uh9iG+ojLPfZpRWzW0Pdw==":"whatsapp%20image%202019-08-13%20at%2017.08.57-568x570.jpeg","mX1nHe/gJaPkvCnHbwKvLg==":"04.jpg","imQrtJOTsdydrmET3RkOWQ==":"iptv%20logo%20ok-122x34.png","QXwwSf3NZOZ9+KDBfySAdA==":"iptv%20logo%20ok-122x34.png"}